"","city","state","country","report_summary","report_status","report_type","report_magnitude","land_uses","reporter_name","population","is_verified","lat","long","id","magnitude_encoded","land_use_encoded","population_encoded","is_new","is_highlighted","is_special"
"1","Bath Charter Township","MI","US","The Township Planning Commission has added a review of off-street parking requirements to its high-priority topic list and will review the standards in 2021.","Planned","Reduce Parking Minimums","","","Nick Tafelsky",99469,1,42.82751485,-84.4238618844747,"Bath Charter TownshipMIUS","red","car",0.2,86,82,"not_special_icon"
"2","Winter Haven","FL","US","In 2000, Winter Haven adopted a new Downtown Commercial zoning district that exempted all land uses within it from parking requirements.","Implemented","Eliminate Parking Minimums","City Center/Business District","Commercial","Sean Martin",24053,1,28.0222435,-81.7328568,"Winter HavenFLUS","blue","building",0.2,98,39,"not_special_icon"
"3","Cayce","SC","US","The Cayce Arts Design Overlay District has ""No minimums; but Planning Director must approve parking plan to ensure it meets the demands of the proposed business""","Implemented","Eliminate Parking Minimums","Main Street/Special","All Uses","Carroll Williamson",747586,1,33.9657091,-81.0739827,"CayceSCUS","darkred","city",0.7,59,12,"not_special_icon"
"4","Mountain Home","ID","US","No off-street parking is required for any uses in the Downtown Overlay zone of  Mountain Home, ID. ","Implemented","Eliminate Parking Minimums","City Center/Business District","Commercial","Brock Cherry",837939,1,43.1329504,-115.6911975,"Mountain HomeIDUS","blue","building",0.7,84,40,"not_special_icon"
"5","Natick","MA","US","In downtown Mixed-Use District in Fall 2020, eliminated parking minimums for ground floor commercial uses and allow for reduced residential parking subject to special permit approval. A partial fee-in-lieu option exists via special permit. ","Implemented","Reduce Parking Minimums","City Center/Business District","Residential, Commercial","James Freas",262825,1,42.2836393,-71.346996,"NatickMAUS","blue","laptop",0.2,6,58,"new_icon"
"6","Decorah","IA","US","Decorah has no parking in its C-3 district that encompasses the historic downtown center.","Implemented","Eliminate Parking Minimums","City Center/Business District","All Uses","Joel Zook",430,1,43.3041609,-91.7859098,"DecorahIAUS","blue","city",0.2,50,51,"not_special_icon"
"7","Salisbury","MD","US","Parking minimums were reduced in 2018/2019. ","Implemented","Reduce Parking Minimums","Citywide","All Uses","William White",1159068,1,38.366027,-75.6009964,"SalisburyMDUS","darkblue","city",1,55,54,"not_special_icon"
"8","Pasco","WA","US","The City of Pasco does not require off-street parking in our Central Business District per Pasco Municipal Code 25.185.040 https://pasco.municipal.codes/PMC/25.185.040","Implemented","Eliminate Parking Minimums","City Center/Business District","All Uses","Jacob Gonzalez",707905,1,46.24420675,-119.101819991309,"PascoWAUS","blue","city",0.7,16,30,"not_special_icon"
"9","Traverse City","MI","US","Traverse City does not require parking for residential uses citywide. 
No car parking for any uses is required in the C-4 (Regional Center) District and the Grand Traverse Commons District. Also, properties located within 500 feet from the public transit center or parking decks have no parking minimums. ","Implemented","Eliminate Parking Minimums","City Center/Business District, Citywide","All Uses, Residential","Russell Soyring",1039190,1,44.7606441,-85.6165301,"Traverse CityMIUS","darkblue","city",1,86,64,"not_special_icon"
"10","Weatherford","TX","US","Weatherford eliminated minimum parking requirements in the Central Business District in 2010. In 2020, Weatherford reduced minimum parking requirements for the majority of nonresidential uses and eliminated minimum parking requirements for nonresidential uses in a new downtown-adjacent, mixed-use Central Neighborhood district.","Implemented","Eliminate Parking Minimums","City Center/Business District","All Uses","Tim Lehrbach",1015500,1,32.7589648,-97.7970748,"WeatherfordTXUS","blue","city",1,13,43,"not_special_icon"
"11","Wickenburg","AZ","US","The Town of Wickenburg  eliminate parking requirements in the downtown zoning district and decreased all other commercial parking regulations by 25% in January 2021.","Implemented","Eliminate Parking Minimums","City Center/Business District","All Uses","Steve Boyle",955194,1,33.9680962,-112.7301353,"WickenburgAZUS","blue","city",0.7,78,44,"not_special_icon"
"12","Green Bay","WI","US","Parking is not required for non-residential uses in the downtown zoning district of Green Bay, WI. ","Implemented","Eliminate Parking Minimums","City Center/Business District","Commercial, Medical, Other, Industrial","Brian Johnson",820333,1,44.5126379,-88.0125794,"Green BayWIUS","blue","building",0.7,5,5,"new_icon"
"13","Asheville","NC","US","There is no parking required for any uses in Asheville's Central Business District.","Implemented","Eliminate Parking Minimums","City Center/Business District","All Uses","Joe Minicozzi",666352,1,35.6009498,-82.5540161,"AshevilleNCUS","blue","city",0.4,44,94,"not_special_icon"
"14","Albemarle","NC","US","The City of Albemarle's zoning code does not feature required parking for most uses.","Implemented","Eliminate Parking Minimums","Citywide","All Uses","Kevin Robinson",864492,1,35.3501426,-80.2000578,"AlbemarleNCUS","darkblue","city",0.7,75,34,"not_special_icon"
"15","Manhattan","KS","US","There are no minimum parking requirements in the central business district (C-4 District), limited requirements for business and apartment uses in the Aggieville Commercial District (C-3 District), and reduced parking requirements in the M-FRO District.","Implemented","Eliminate Parking Minimums","City Center/Business District, Main Street/Special","All Uses","Chad Bunger",58371,1,39.1836082,-96.5716694,"ManhattanKSUS","blue","city",0.2,55,45,"not_special_icon"
"16","Bend","OR","US","Parking requirements for many uses are reduced in the Bend Central District and additional reductions are possible, including a general exemption for the first 10,000 square feet of new projects.","Implemented","Reduce Parking Minimums","City Center/Business District","All Uses","Allison Platt",524336,1,44.0581728,-121.3153096,"BendORUS","blue","city",0.4,32,13,"not_special_icon"
"17","Hudson","NY","US","Parking minimums eliminated by vote of the City's Common Council in 2019.","Implemented","Eliminate Parking Minimums","Citywide","All Uses","Betsy Gramkow",572133,1,42.2528649,-73.790959,"HudsonNYUS","darkblue","city",0.4,9,12,"new_icon"
"18","Grand Rapids","MI","US","Grand Rapids, MI eliminated minimum parking requirements in the TN-CC zoning district. Citywide, reductions in minimum requirements are available subject to various criteria, and parking maximums are in place. ","Implemented","Eliminate Parking Minimums, Parking Maximums","Citywide, City Center/Business District","All Uses","Suzanne Schulz",467433,1,42.9632405,-85.6678639,"Grand RapidsMIUS","darkblue","city",0.2,88,91,"not_special_icon"
"19","Ashland","OR","US","No parking minimums in dowtown zone.","Implemented","Eliminate Parking Minimums","City Center/Business District","Commercial","Derek Severson",856921,1,42.1972487,-122.7153995,"AshlandORUS","blue","building",0.7,23,90,"not_special_icon"
"20","Tigard","OR","US","No parking minimum in the Tigard Triangle, a 550-acre mixed-use zone slated for light rail service. Parking reductions and on-street parking credits that cumulatively have the effect of removing minimum parking requirements for most of the city's residential zones.","Implemented","Eliminate Parking Minimums","City Center/Business District","All Uses","Schuyler Warren",1090109,1,45.4307473,-122.771933,"TigardORUS","blue","city",1,50,72,"not_special_icon"
"21","Grand Island","NE","US","No car parking is required in the Downtown Business District and 4th Street Business District. ","Implemented","Eliminate Parking Minimums","City Center/Business District","Commercial, Residential","Chad Nabity",56074,1,40.924271,-98.338685,"Grand IslandNEUS","blue","laptop",0.2,85,25,"not_special_icon"
"22","Winona","MN","US","Parking minimums in Winona's Mixed Use-Downtown Core and Mixed Use-Downtown Fringe are 0 for commercial, retail, and office uses and residential developments up to six units. Bicycle parking may substitute for up to four automobile spaces for all residential uses.","Implemented","Eliminate Parking Minimums","City Center/Business District, Transit Oriented","All Uses","Luke Sims",912453,1,44.0500054,-91.6392294,"WinonaMNUS","blue","city",0.7,13,78,"not_special_icon"
"23","Zanesville","OH","US","Zanesville eliminated parking requirements in the central business district. ","Implemented","Eliminate Parking Minimums","City Center/Business District","All Uses","Matthew Schley",583251,1,39.9403453,-82.0131924,"ZanesvilleOHUS","blue","city",0.4,68,73,"not_special_icon"
"24","Hickory","NC","US","No minimum parking requirements in Central Business District zoning district.","Implemented","Eliminate Parking Minimums","City Center/Business District","All Uses","Ross Zelenske",177343,1,35.7333312,-81.3442915,"HickoryNCUS","blue","city",0.2,40,12,"not_special_icon"
"25","Provo","UT","US","The City provides parking reductions for providing transit passes, robust bike parking, shuttles, shared cars, building near fixed transit stop, and other support for transportation alternatives. ","Implemented","Reduce Parking Minimums","Citywide","All Uses","Austin Taylor",1196667,1,40.2338438,-111.6585337,"ProvoUTUS","darkblue","city",1,62,90,"not_special_icon"
"26","South Burlington","VT","US","South Burlington has no minimum vehicle parking requirements city-wide, except in the case of requirements, which were reduced, for multi-family residential use (0.75-1.5 spaces per dwelling unit depending on number of bedrooms). ","Implemented","Eliminate Parking Minimums, Reduce Parking Minimums","Citywide","All Uses","Cathyann LaRose",195680,1,44.4669941,-73.1709604,"South BurlingtonVTUS","darkblue","city",0.2,33,87,"not_special_icon"
"27","Seabrook","NH","US","Seabrook, NH has no minimum parking requirements and has parking maximums in commercial and industrial districts.","Implemented","Parking Maximums, Eliminate Parking Minimums","Citywide","Commercial, Industrial","Tom Morgan",965005,1,42.8846631,-70.8601957,"SeabrookNHUS","darkblue","building",0.7,13,22,"not_special_icon"
"28","Bastrop","TX","US","Bastrop Building Block (B3) Code eliminated minimum parking requirements citywide.","Implemented","Eliminate Parking Minimums","Citywide","All Uses","Matt Jones",407398,1,30.1104947,-97.3152701,"BastropTXUS","darkblue","city",0.2,45,1,"highlighed_icon"
"29","Olympia","WA","US","Olympia enacted specific zone district requirements, eliminating residential parking minimums as well as minimums for all existing commercial buildings, and new commercial construction or expansion totaling under 3,000 square feet within the Downtown Exempt Parking Area.","Implemented","Eliminate Parking Minimums","City Center/Business District","Residential","Max DeJarnatt",928546,1,47.0451022,-122.8950075,"OlympiaWAUS","blue","home",0.7,66,14,"not_special_icon"
"30","Edmonton","AB","CA","Minimum on-site parking requirements have been removed from Edmontonâ€™s Zoning Bylaw, allowing developers, homeowners and businesses to decide how much on-site parking to provide on their properties based on their particular operations, activities or lifestyle.","Passed","Eliminate Parking Minimums","Citywide","All Uses","Karl Parkinson",798183,1,53.535411,-113.507996,"EdmontonABCA","darkblue","city",0.7,61,19,"not_special_icon"
"31","Fresno","CA","US","Designated ""Downtown Districts"" require only one on-site parking space for every two dwelling units. No parking minimums for non-residential uses.

Districts designated by the new zoning code as one of the ""Mixed-Use Districts"" or ""Commercial Main Street"" require .75 spaces for every studio/one-bedroom apartment, 1 space per two-bedroom, and 1.5 per three-bedroom, plus one per guest per four dwelling units. Commercial uses require one space per 600 square feet.","Implemented","Reduce Parking Minimums, Eliminate Parking Minimums","City Center/Business District, Citywide","All Uses, Residential","Tom Manson",441814,1,36.7295295,-119.708861260756,"FresnoCAUS","darkblue","city",0.2,54,57,"not_special_icon"
"32","Camrose","AB","CA","In 2018, Camrose eliminated any minimum parking requirements on 3 blocks of Main Street (50th Street). Camrose reduced parking requirements for many uses in 2016 by up to 35%.","Implemented","Eliminate Parking Minimums, Reduce Parking Minimums","Main Street/Special","All Uses","Aaron Leckie",41824,1,53.013131,-112.840576,"CamroseABCA","darkred","city",0.2,92,67,"not_special_icon"
"33","Ottawa","ON","CA","Ottawa has zero parking requirements in the city center and no residential parking requirements for buildings less than 4 stories. Remaining parking requirements are relatively low.","Implemented","Reduce Parking Minimums, Eliminate Parking Minimums","Citywide","All Uses","Alain Miguelez",1122273,1,45.4211435,-75.6900574,"OttawaONCA","darkblue","city",1,20,21,"not_special_icon"
"34","Richmond","VA","US","In CM, DCC, B-4, B-5, and TOD-1 zoning districts, off-street parking spaces shall not be required for uses other than dwelling uses, hotels and motels.","Implemented","Reduce Parking Minimums","City Center/Business District, Transit Oriented","All Uses","Kevin J. Vonck",624864,1,37.5385087,-77.43428,"RichmondVAUS","blue","city",0.4,29,72,"not_special_icon"
"35","Mexico City","EM","MX","Mexico City eliminated parking minimums in July 2017. Previous minimum requirements became parking maximums. Developers must pay in-lieu fees for parking in excess of 50% of the parking maximums.","Implemented","Eliminate Parking Minimums, Parking Maximums","Citywide","All Uses","Chris Riley",128373,1,19.4326296,-99.1331785,"Mexico CityEMMX","darkblue","city",0.2,41,34,"not_special_icon"
"36","Calgary","AB","CA","The City of Calgary has removed minimum parking requirements for non-residential uses from the Land Use Bylaw.","Implemented","Eliminate Parking Minimums","Citywide","Commercial, Industrial","Bobby Siemiaszko",677168,1,51.0460954,-114.065465,"CalgaryABCA","darkblue","building",0.4,85,18,"not_special_icon"
"37","Colorado Springs","CO","US","There are two established parking exempt districts in which there is no additional off-street parking required Downtown/Central business district and Old Colorado City, there is a provisional district with reduced parking requirements that partially connects these two districts.","Implemented","Eliminate Parking Minimums","City Center/Business District, Main Street/Special","All Uses","Cullom Radvillas",496904,1,38.8339578,-104.8253485,"Colorado SpringsCOUS","blue","city",0.2,14,13,"not_special_icon"
"38","Minneapolis","MN","US","Minneapolis's comprehensive plan adopted in December 2018 calls for the elimination of minimum parking requirements citywide.  Minimums were removed in the downtown a few years ago and replaced with maximums. The city recently eliminated parking minimums for <50 unit residential developments near high-frequency transit corridors. An ordinance to implement the comprehensive plan was introduced in March 2021.","Passed","Eliminate Parking Minimums, Parking Maximums","Citywide","All Uses","Matt Steele",917069,1,44.9772995,-93.2654692,"MinneapolisMNUS","darkblue","city",0.7,85,10,"not_special_icon"
"39","Peoria","IL","US","The city removed parking minimum requirements for commercial developments in 2015. Zoning lots less than 12,000 square feet in land area in the Warehouse District and 7,500 square feet in the other Form Districts have no minimum parking requirements","Implemented","Eliminate Parking Minimums, Parking Maximums","Citywide","Commercial","Maggie Kochman",856659,1,40.6938609,-89.5891008,"PeoriaILUS","darkblue","building",0.7,47,7,"not_special_icon"
"40","San Bernardino","CA","US","Parking minimum requirements were reduced for the Transit-Oriented Development Overlay District, and bicycle parking minimums were introduced. The development code noted that as the transit system matures, they are looking to reduce or eliminate parking minimums. A 2017 Accessory Dwelling Unit Ammendment reduced minimum parking requirements for ADUs, and prohibits minimums in certain qualified locations.","Implemented","Reduce Parking Minimums","Transit Oriented","Other, Low Density (SF) Residential, Multi-Family Residential","Maggie Kochman",500126,1,34.1083449,-117.2897652,"San BernardinoCAUS","lightblue","home",0.4,37,63,"not_special_icon"
"41","Fort Lauderdale","FL","US","There are no parking minimums for the City Center and Arts and Sciences Districts.","Implemented","Eliminate Parking Minimums","City Center/Business District","All Uses","Maggie Kochman",928455,1,26.1223084,-80.1433786,"Fort LauderdaleFLUS","blue","city",0.7,78,3,"highlighed_icon"
"42","Miami","FL","US","Minimum requirements are waived for newly constructed buildings downtown.  Certain small developments outside downtown are also exempt. Developers of new buildings near transit corridors under 10,000 sq ft can also be exempt. Large buildings near transit corridors can pay fees for exemptions.","Passed","Reduce Parking Minimums, Eliminate Parking Minimums","City Center/Business District, Transit Oriented","Commercial","Maggie Kochman",1087140,1,25.7741728,-80.19362,"MiamiFLUS","blue","building",1,65,49,"not_special_icon"
"43","Dover","NH","US","There are no statutory parking requirements in Dover, NH. There are parking maximums for all uses and required off-site parking is determined on a per-case basis as part of the application process.","Implemented","Parking Maximums","Citywide","All Uses","Christopher Parker",61075,1,43.198057,-70.8739158,"DoverNHUS","darkblue","city",0.2,15,5,"not_special_icon"
"44","Mason City","IA","US","Retail and Office developments have maximum parking entitlements and no minimum parking requirements.","Implemented","Eliminate Parking Minimums, Parking Maximums","Citywide","Commercial","Zane Jacobson",386520,1,43.1535728,-93.2010367,"Mason CityIAUS","darkblue","building",0.2,70,65,"not_special_icon"
"45","Anchorage","AK","US","No parking is required in the downtown business districts.","Implemented","Eliminate Parking Minimums","City Center/Business District","All Uses","Bobby Siemiaszko",476159,1,61.2163129,-149.894852,"AnchorageAKUS","blue","city",0.2,78,97,"not_special_icon"
"46","Hot Springs","AR","US","No minimum off street parking required in the business district/Downtown.  ","Implemented","Eliminate Parking Minimums","City Center/Business District","Commercial, Other","Bobby Siemiaszko",187893,1,34.5038393,-93.0552437,"Hot SpringsARUS","blue","building",0.2,10,17,"not_special_icon"
"47","Phoenix","AZ","US","No car parking is required for non-residential uses in the Downtown and Warehouse districts. Reductions for residential and commercial parking requirements are automatic near light rail stations. Parking maximums are in place for most uses, but there are ample opportunities to increase them.","Implemented","Eliminate Parking Minimums, Reduce Parking Minimums","City Center/Business District, Transit Oriented","Commercial, Residential","Sean Sweat",791166,1,33.4484367,-112.0741417,"PhoenixAZUS","blue","laptop",0.7,30,86,"not_special_icon"
"48","Healdsburg","CA","US","Downtown Healdsburg has no parking requirements for non-residential uses for developments less than 15,000 square feet.","Implemented","Eliminate Parking Minimums","City Center/Business District","Commercial","Tony Jordan",996784,1,38.603921,-122.880435681644,"HealdsburgCAUS","blue","building",0.7,63,19,"not_special_icon"
"49","Halifax","NS","CA","Halifax removed all parking minima in the Downtown Plan Area in 2009. ","Implemented","Eliminate Parking Minimums","City Center/Business District","All Uses","",96164,1,44.648618,-63.5859487,"HalifaxNSCA","blue","city",0.2,94,63,"not_special_icon"
"50","Penetanguishene","ON","CA","In the Urban Core Zone, no parking is required for retail/office/or light manufacturing.","Implemented","Eliminate Parking Minimums","City Center/Business District","Commercial, Other","Maggie Kochman",939502,1,44.7688035,-79.9339487,"PenetanguisheneONCA","blue","building",0.7,95,95,"not_special_icon"
"51","Fremont","CA","US","The Warm Springs/South Fremont Community Plan, adopted in July 2015, eliminates minimum parking requirements within the community plan area. The plan area is centered on the new Warm Springs/South Fremont BART Station.","Implemented","Eliminate Parking Minimums, Parking Maximums","Transit Oriented","All Uses","Tom Radulovich",1177257,1,37.5482697,-121.988571,"FremontCAUS","lightblue","city",1,31,63,"not_special_icon"
"52","Panama City","FL","US","Panama City removed all parking minimum requirements on lots less than 10,000sqft, buildings built before 1945, and all new construction less than 5 stories.   ","Implemented","Eliminate Parking Minimums","City Center/Business District","Commercial, Other","Eric Pate",205965,1,30.1600827,-85.6545729,"Panama CityFLUS","blue","building",0.2,100,32,"not_special_icon"
"53","Honolulu","HI","US","Honolulu County removed parking minimums for all uses in two of the most urbanized planning regions on Oahu, including Honolulu, and also removed parking minimums for all uses in TOD zones.","Implemented","Eliminate Parking Minimums","City Center/Business District, Transit Oriented","Commercial","Tim Streitz",614165,1,21.304547,-157.855676,"HonoluluHIUS","blue","building",0.4,17,83,"not_special_icon"
"54","Jacksonville","FL","US","There are no parking minimums anywhere in the Downtown overlay district.","Implemented","Eliminate Parking Minimums","City Center/Business District","All Uses","Kevin O'Halloran",1122500,1,30.3321838,-81.655651,"JacksonvilleFLUS","blue","city",1,89,37,"not_special_icon"
"55","Mountain View","CA","US","The North Bayshore Precise Plan has eliminated minimum parking requirements for an office park district where Google, LinkedIn, and Intuit have their headquarters. A parking maximum of 2.7 spaces per 1,000 square feet of office/R&D was established. All new development must meet at 45% drive-alone rate cap, and there is an overall trip cap for the entire plan area.","Implemented","Eliminate Parking Minimums, Parking Maximums","Main Street/Special","Commercial, Residential, All Uses","Jeffrey Tumlin",550808,1,37.3893889,-122.0832101,"Mountain ViewCAUS","darkred","city",0.4,53,37,"not_special_icon"
"56","Fayetteville","AR","US","Fayetteville, Arkansas has no minimum requirements for residential uses.  They also have several reductions for residential uses as well as parking maximums.","Implemented","Reduce Parking Minimums, Eliminate Parking Minimums, Parking Maximums","Citywide","Commercial, Residential","Bobby Siemiaszko",748395,1,36.0625843,-94.1574328,"FayettevilleARUS","darkblue","laptop",0.7,51,45,"not_special_icon"
"57","Los Angeles","CA","US","The Cornfield Arroyo Specific Plan, passed in 2012, has no minimum parking requirements for projects in the area.","Implemented","Eliminate Parking Minimums","Main Street/Special","All Uses","Jonathan Raspa",962851,1,34.0536909,-118.242766,"Los AngelesCAUS","darkred","city",0.7,100,86,"not_special_icon"
"58","Norwich","CT","US","Chelsea Central District does not have parking minimums and all retail/shopping centers have parking maximums.","Implemented","Eliminate Parking Minimums, Parking Maximums","City Center/Business District","Commercial","Jason Vincent",601947,1,41.5499565,-72.0891900460276,"NorwichCTUS","blue","building",0.4,35,56,"not_special_icon"
"59","Wilmington","NC","US","Wilmington, North Carolina eliminated parking requirements for central business districts and historic districts.","Implemented","Eliminate Parking Minimums","City Center/Business District, Main Street/Special","All Uses","David Curtis",709657,1,34.2257282,-77.9447107,"WilmingtonNCUS","blue","city",0.7,34,2,"highlighed_icon"
"60","Oakland","CA","US","Oakland has no required parking in CBD, S-2, and D-LM zones.  There are parking maximums in those zones.","Implemented","Eliminate Parking Minimums, Parking Maximums","City Center/Business District, Transit Oriented","All Uses","Tom Radulovich",306293,1,37.8044557,-122.2713563,"OaklandCAUS","blue","city",0.2,75,74,"not_special_icon"
"61","Long Beach","CA","US","Long Beach, California has reduced parking minimums for transit-oriented off street parking for residential and hospital use reducing parking from 25 to 50%.","Implemented","Reduce Parking Minimums","Transit Oriented","Residential, Medical","Bobby Siemiaszko",305148,1,33.7690164,-118.191604,"Long BeachCAUS","lightblue","home",0.2,7,66,"new_icon"
"62","New Haven","CT","US","New Haven Parking Authority has signed on to support DesegregateCT's platform, which includes eliminating parking requirements. ","Proposed","Eliminate Parking Minimums, Reduce Parking Minimums, Parking Maximums","Citywide","All Uses","Bobby Siemiaszko",193007,1,41.29843435,-72.9310234270791,"New HavenCTUS","darkblue","city",0.2,73,16,"not_special_icon"
"63","Fernandina Beach","FL","US","The Central Business District (C-3), lots containing industrial waterfront (I-W) or waterfront mixed use (W-1) are exempt from parking minimums.","Implemented","Eliminate Parking Minimums","City Center/Business District, Main Street/Special","All Uses","Maggie Kochman",51459,1,30.6696818,-81.4625919,"Fernandina BeachFLUS","blue","city",0.2,35,73,"not_special_icon"
"64","Burlington","VT","US","Burlington Vermont has reduced parking minimums for all parts of the downtown district and shared used districts.  Parking maximums can also not be over 125% of parking minimums in these districts.","Implemented","Reduce Parking Minimums, Parking Maximums","City Center/Business District","All Uses","Bobby Siemiaszko",29648,1,44.4761601,-73.212906,"BurlingtonVTUS","blue","city",0.2,88,13,"not_special_icon"
"65","Chattanooga","TN","US","Chattanooga, TN has no parking requirements in the  Downtown Core.","Implemented","Eliminate Parking Minimums","City Center/Business District","All Uses","Jonathan Hunter",916102,1,35.0457219,-85.3094883,"ChattanoogaTNUS","blue","city",0.7,14,22,"not_special_icon"
"66","Woonsocket","RI","US","Woonsocket, RI does not require parking for non-residential uses in the Urban Commercial and Mixed Use districts.","Implemented","Eliminate Parking Minimums","City Center/Business District","Commercial","Keith Brynes",1149824,1,42.0028761,-71.5147839,"WoonsocketRIUS","blue","building",1,37,2,"highlighed_icon"
"67","Ithaca","NY","US","Ithaca New York does not require any parking for the Central Business District downtown, the West End, Cherry Street District, Newman District, Market District or Mixed Use Districts.","Implemented","Eliminate Parking Minimums","City Center/Business District, Transit Oriented, Main Street/Special","Commercial","Daniel Keough",986335,1,42.4396039,-76.4968019,"IthacaNYUS","blue","building",0.7,61,66,"not_special_icon"
"68","Akron","OH","US","Akron Ohio has no minimum requirements for parking for residential or commercial parking downtown.  Maximum allowed is one space per residence.","Implemented","Parking Maximums, Eliminate Parking Minimums","City Center/Business District","All Uses","Jason Segedy",228314,1,41.083064,-81.518485,"AkronOHUS","blue","city",0.2,33,73,"not_special_icon"
"69","Columbus","OH","US","Columbus has eliminated all parking minimums and requirements in the Downtown planning area. In much of the downtown new accessory surface lots are prohibited.","Implemented","Eliminate Parking Minimums","City Center/Business District","All Uses","Josh Lapp",708693,1,39.9622601,-83.0007065,"ColumbusOHUS","blue","city",0.7,57,100,"not_special_icon"
"70","Sandpoint","ID","US","Parking requirements are eliminated in the downtown core. Parking minimums are reduced by 20% for developments with affordable housing.","Implemented","Reduce Parking Minimums, Eliminate Parking Minimums","Citywide, City Center/Business District","Residential, All Uses","Steve Lockwood",1063360,1,48.2765903,-116.5532476,"SandpointIDUS","darkblue","city",1,22,78,"not_special_icon"
"71","Eugene","OR","US","Eugene has eliminated parking minimums in the downtown and university districts. Parking requirements are reduced in various overlay districts.The maximum number of parking spaces for non-residential uses may not exceed 125 percent of the minimum spaces.","Implemented","Parking Maximums, Eliminate Parking Minimums, Reduce Parking Minimums","City Center/Business District","All Uses","Will Dowdy",1053522,1,44.0505054,-123.0950506,"EugeneORUS","blue","city",1,95,41,"not_special_icon"
"72","Lower Macungie Township","PA","US","","Unverified","","","","Maggie Kochman",828436,1,40.5283605,-75.5950784269581,"Lower Macungie TownshipPAUS","red","car",0.7,56,3,"highlighed_icon"
"73","Tulsa","OK","US","Tulsa Oklahoma has no parking minimums downtown for all uses.  In the CH District and MX District and surrounding areas downtown, parking minimums are reduced 50% compared to other districts.  Retail uses requiring more than two hundred twenty-five (225) parking spaces may not provide more than four (4) outdoor parking spaces per one thousand (1,000) square feet of floor area.","Implemented","Eliminate Parking Minimums, Reduce Parking Minimums, Parking Maximums","City Center/Business District, Main Street/Special","All Uses","Stephen Lassiter",2201,1,36.1556805,-95.9929113,"TulsaOKUS","blue","city",0.2,45,42,"not_special_icon"
"74","Lancaster","PA","US","Lancaster PA has no minimum requirements for parking in the Central Business District and the surrounding Central Business 1 District.","Implemented","Eliminate Parking Minimums","City Center/Business District","All Uses","Brian Ludicke",230327,1,40.03813,-76.3056686,"LancasterPAUS","blue","city",0.2,20,69,"not_special_icon"
"75","Phoenixville","PA","US","Phoenixville PA had the zoning ordinance rewritten to remove parking requirements for specific blocks of the downtown, and all other parking is required to be based on a parking demand analysis, not specific standards.","Implemented","Eliminate Parking Minimums, Reduce Parking Minimums","City Center/Business District, Citywide","All Uses","Ray Ott",923182,1,40.1303822,-75.5149128,"PhoenixvillePAUS","darkblue","city",0.7,82,95,"not_special_icon"
"76","College Station","TX","US","In August 2017 the city authorized the creation of ""Alternative Parking Plans"" but they are all by discretion of the city planner.","Unverified","Reduce Parking Minimums","Citywide","All Uses","Bobby Siemiaszko",1174625,1,30.5955289,-96.3071042,"College StationTXUS","darkblue","city",1,82,33,"not_special_icon"
"77","Colville","WA","US","Colville, Washington is a small town of less than 5,000 people.  Parking minimums are not required in the downtown area as street parking is provided via a fund developers pay into.","Implemented","Eliminate Parking Minimums","City Center/Business District","All Uses","RJ Keetch",156106,1,48.5465695,-117.905537,"ColvilleWAUS","blue","city",0.2,14,83,"not_special_icon"
"78","Yakima","WA","US","Yakima Washington has no parking minimums for all uses in the downtown business district.","Implemented","Eliminate Parking Minimums","City Center/Business District","All Uses","Joshua Hicks",678447,1,46.601557,-120.5108421,"YakimaWAUS","blue","city",0.4,61,85,"not_special_icon"
"79","Colton","CA","US","Colton California has reduced parking minimums for commercial and residential in the downtown and mixed used neighborhoods but has not completely eliminated minimum parking in any area.  Everything is broken down into areas with a chart below it.","Implemented","Reduce Parking Minimums","City Center/Business District, Transit Oriented","All Uses","Bobby Siemiaszko",560555,1,34.0739016,-117.3136547,"ColtonCAUS","blue","city",0.4,83,41,"not_special_icon"
"80","Bismarck","ND","US","Off-street parking is not required for properties within the Downtown Parking District in Bismark.","Implemented","Eliminate Parking Minimums","City Center/Business District","All Uses","Kate Herzog",938489,1,46.808327,-100.783739,"BismarckNDUS","blue","city",0.7,65,70,"not_special_icon"
"81","Billings","MT","US","There are no minimum parking requirements in the Central Business District or the East Billings Parking Overlay within city limits (Code Sec. 6-1203(g)). ","Implemented","Eliminate Parking Minimums","City Center/Business District, Main Street/Special","All Uses","Randy Vinson",462716,1,45.7874957,-108.49607,"BillingsMTUS","blue","city",0.2,42,77,"not_special_icon"
"82","Brainerd","MN","US","Brainerd has no off street parking requirements for the following zones: B-4 (General Business) District, B-5 (Commercial Amusement) District, B-6 (Washington Street Commercial) District, I-1 (Light Industry) District, I-2 (General Industry) District. Also, there are exemptions for further reduced parking 515-22-9: Parking Deferment.","Implemented","Eliminate Parking Minimums","City Center/Business District, Main Street/Special","All Uses","Mark Ostgarden",509108,1,46.3580221,-94.2008288,"BrainerdMNUS","blue","city",0.4,5,88,"new_icon"
"83","Berrien Springs","MI","US","Berrien Springs has no off street parking requirements in the central business district. There are no set minimums along the M-139 Corridor for non-residential uses, but developers must demonstrate adequate parking supply.","Implemented","Eliminate Parking Minimums","City Center/Business District, Main Street/Special","All Uses","Andrew von Mauer",899508,1,41.9464336,-86.3388965,"Berrien SpringsMIUS","blue","city",0.7,31,81,"not_special_icon"
"84","Albuquerque","NM","US","Albuquerque New Mexico has eliminated off street parking requirements in the downtown and SU-1 Transit Oriented Development.  They have also reduced parking minimums in many other areas and had on street parking account for off street parking by different reduction rates in areas like transit oriented developments.","Implemented","Eliminate Parking Minimums, Reduce Parking Minimums","Citywide, City Center/Business District, Transit Oriented","All Uses","Carrie Barkhurst",126685,1,35.0841034,-106.650985,"AlbuquerqueNMUS","darkblue","city",0.2,71,84,"not_special_icon"
"85","Berkeley","CA","US","Berkeley has no parking requirements for new residential developments of any size, except for new developments on certain  narrow streets in the hills. The city has parking maximums for new residential uses. ","Implemented","Eliminate Parking Minimums, Parking Maximums","Citywide","Residential","Tom Radulovich",290198,1,37.8708393,-122.272863,"BerkeleyCAUS","darkblue","home",0.2,71,85,"not_special_icon"
"86","Madison","WI","US","There is no parking required in the Central District of Madison and in several other mixed-use districts. Some other districts waive parking requirements for new developments smaller than 10,000 square feet.","Implemented","Eliminate Parking Minimums","City Center/Business District","Commercial, Residential","Zane Jacobson",821249,1,43.074761,-89.3837613,"MadisonWIUS","blue","laptop",0.7,30,72,"not_special_icon"
"87","Oakville","ON","CA","Oakville, Ontario has no minimum parkings in the downtown and reduced minimums in some reduction in parking in mixed used zones.","Implemented","Eliminate Parking Minimums, Reduce Parking Minimums","City Center/Business District","All Uses","Joe Nether",18665,1,43.447436,-79.666672,"OakvilleONCA","blue","city",0.2,90,11,"not_special_icon"
"88","Framingham","MA","US","Parking requirements in Framingham were reduced in the Central Business District and ground floor commercial uses in the district are exempt from parking requirements.","Implemented","Reduce Parking Minimums","City Center/Business District, Transit Oriented","All Uses, Commercial, Residential","Sam Scoppettone",440949,1,42.3095704,-71.4413097,"FraminghamMAUS","blue","city",0.2,41,23,"not_special_icon"
"89","Watertown","WI","US","The City of Watertown has no parking requirements for the Central Business (CB) Zoning District.","Implemented","Eliminate Parking Minimums","City Center/Business District, Main Street/Special","All Uses","Jacob Mass",512650,1,43.1948481,-88.7286352,"WatertownWIUS","blue","city",0.4,25,33,"not_special_icon"
"90","West Palm Beach","FL","US","","Implemented","Eliminate Parking Minimums, Reduce Parking Minimums","City Center/Business District","All Uses","Jesse Bailey",932432,1,26.715364,-80.0532942,"West Palm BeachFLUS","blue","city",0.7,54,12,"not_special_icon"
"91","Washington DC","DC","US","Washington, DC has reduced parking requirements near transit. Parking requirements are eliminated in various zone overlays (D-Zones in downtown)","Implemented","Reduce Parking Minimums, Eliminate Parking Minimums","Citywide, City Center/Business District","All Uses","Ryan Westrom",1035634,1,38.918957,-77.0257515619725,"Washington DCDCUS","darkblue","city",1,67,18,"not_special_icon"
"92","Jersey City","NJ","US","Jersey City has about a dozen planning districts (known as Redevelopment Plans) with no parking minimums, largely concentrated near PATH rapid transit and HBLR light rail stations. In fact, several of these districts have parking maximums. Examples include the Journal Square 2060, Colgate, Harsimus Cove Station, Grand Jersey, and Newark Ave Downtown plans. ","Implemented","Eliminate Parking Minimums, Parking Maximums","Transit Oriented, City Center/Business District, Main Street/Special","All Uses","Ed Gomez",467620,1,40.7215682,-74.047455,"Jersey CityNJUS","blue","city",0.2,58,38,"not_special_icon"
"93","Cedar Rapids","IA","US","Cedar Rapids has no parking required in the downtown district. There are many reductions available for parking requirements elsewhere.","Implemented","Reduce Parking Minimums, Eliminate Parking Minimums","City Center/Business District","All Uses","Seth Gunnerson",1852,1,41.9758872,-91.6704053,"Cedar RapidsIAUS","blue","city",0.2,71,4,"highlighed_icon"
"94","Champaign","IL","US","Champaign eliminated parking requirements for all multi-family dwellings in the ""University District"". No off-street parking is required for any use within the MFUniv, CB1, CB2, and CB3 Districts. Elderly housing is subject to reduced parking requirements in all zones. ","Implemented","Eliminate Parking Minimums, Reduce Parking Minimums","Main Street/Special, City Center/Business District","All Uses","Ben LeRoy",602673,1,40.1164841,-88.2430932,"ChampaignILUS","blue","city",0.4,32,16,"not_special_icon"
"95","Winnipeg","MB","CA","Since 2008, 20% reduction allowed (anywhere in city) if building is mixed-use and we allow developers to double this up with the infill reduction, totaling 40%. Parking is not required in the Downtown zoning district.","Implemented","Reduce Parking Minimums","Citywide","All Uses","Andrew Ross",1109202,1,49.8955367,-97.1384584,"WinnipegMBCA","darkblue","city",1,87,61,"not_special_icon"
"96","Yorkton","SK","CA","Yorkton exempts parking requirements for small developments in the city center. There is also an in-lieu option to further reduce requirements.","Implemented","Reduce Parking Minimums","City Center/Business District","All Uses","Barbara Dupuis",944644,1,51.212045,-102.461243,"YorktonSKCA","blue","city",0.7,17,32,"not_special_icon"
"97","Frankfort","KY","US","There are slight reductions available for parking requirements for bike parking and permeable surfaces.","Implemented","Reduce Parking Minimums","Citywide","All Uses","Brent Sweger",1100374,1,38.2009055,-84.8732836,"FrankfortKYUS","darkblue","city",1,98,58,"not_special_icon"
"98","Florence","AL","US","No parking is required in the Central Business District or the East Florence Historic District.","Implemented","Eliminate Parking Minimums","City Center/Business District","All Uses","Melissa Bailey",598757,1,34.79981,-87.677251,"FlorenceALUS","blue","city",0.4,86,78,"not_special_icon"
"99","West Palm Beach","FL","US","Reduced Parking minimums with Parking Maximums in CBD and special districts. No parking minimums in Okeechobee Business district with soft and hard parking maximums, if the developer wants to exceed the soft max they have to pay into the transit operations budget. No parking minimum for microunits in CBD.","Implemented","Eliminate Parking Minimums, Parking Maximums, Reduce Parking Minimums","City Center/Business District","Residential, All Uses","",250178,0,26.715364,-80.0532942,"West Palm BeachFLUS","blue","city",0.2,2,100,"new_icon"
"100","South Bend","IN","US","""Effective January 19, 2021, all minimum off-street parking requirements have been eliminated citywide in the City of South Bend.

Ordinance: http://docs.southbendin.gov/WebLink/0/doc/328483/Page1.aspx""","Implemented","Eliminate Parking Minimums","Citywide","Commercial, Industrial, Low Density (SF) Residential, Multi-Family Residential, High Density Residential","Michael Divita",866710,0,41.6833813,-86.2500066,"South BendINUS","darkblue","laptop",0.7,23,80,"not_special_icon"
"101","Canandaigua","NY","US","Local Law adopted on 11/16/2020. Eliminates the existing Required Off-Street Parking schedule. Only projects above certain thresholds must provide estimates of parking demand. Also allows shared or off-site parking.","Implemented","Eliminate Parking Minimums","City Center/Business District","Commercial","Eric Cooper",768760,0,42.8858579,-77.2799761,"CanandaiguaNYUS","blue","building",0.7,13,56,"not_special_icon"
"102","Bowling Green","OH","US","The City of Bowling Green, Ohio does not require parking in the Central Business District (historic downtown).","Implemented","Eliminate Parking Minimums","City Center/Business District","All Uses","Heather Sayler",1123175,0,41.3747744,-83.6513229,"Bowling GreenOHUS","blue","city",1,98,7,"not_special_icon"
"103","Roanoke","VA
","US","""No parking minimums in seven districts, CN, D, UF, ROS, MXPUD, INPUD, IPUD
No parking minimum for single family residential
In districts where we have minimums, we have multiple reductions based on scale, proximity to transit, shared
We have parking maximums
Chris Chittum, AICP
Director of Planning Building,and Development""","Implemented","Parking Maximums","City Center/Business District","All Uses","Chris Chittum",591211,0,37.270973,-79.9414313,"RoanokeVA
US","blue","city",0.4,21,89,"not_special_icon"
"104","Ridgefield","WA","US","In the Central Business District (CBD), due to the high levels of pedestrian activity and the multi-purpose nature of the trips in the CBD zone, the following parking requirements shall apply: 1) for a change of use within an existing building, there shall be no additional off-street parking required. 2) for the expansion or new construction of a building, the number of required parking spaces shall be reduced to 60% of the requirement specified for that use. Amendment 2010-105-A (effective 12/24/10)","Implemented","Eliminate Parking Minimums, Reduce Parking Minimums","City Center/Business District, Citywide","All Uses","Daniel Robinson",773008,0,45.8167616,-122.7433775,"RidgefieldWAUS","darkblue","city",0.7,38,83,"not_special_icon"
"105","San Angelo","TX","US","Reduced parking minimums for most uses. Downtown was already exempt from parking requirements. Added additional flexibility for shared parking and counting on-street spaces toward required parking.","Implemented","Eliminate Parking Minimums","City Center/Business District","All Uses","Jon James",687528,0,31.4649685,-100.4405094,"San AngeloTXUS","blue","city",0.4,40,78,"not_special_icon"
"106","Santa Barbara","CA","US","In the Average-unit Size Density Incentive Program area, only 1 space is required per residential unit, with no required guest parking. https://www.santabarbaraca.gov/services/planning/mpe/aud_program/default.asp. Public outreach has started in 2019 to review further parking changes which could entail no parking minimums, unbundled parking, parking maximums, or a parking in-lieu fee.","Implemented","Reduce Parking Minimums","City Center/Business District","All Uses","Jessica Metzger",418795,0,34.4221319,-119.7026673,"Santa BarbaraCAUS","blue","city",0.2,35,70,"not_special_icon"
"107","Bozeman","MT","US","Bozeman eliminated minimum parking requirements in the Midtown Urban Renewal District.","Implemented","Eliminate Parking Minimums","City Center/Business District","All Uses","David Fine",255526,0,45.6794293,-111.044047,"BozemanMTUS","blue","city",0.2,93,57,"not_special_icon"
"108","City of Marysville","OH","US","This year the City eliminated parking requirements in our Historic Uptown Commercial core district.","Implemented","Eliminate Parking Minimums","City Center/Business District","Commercial, Industrial, Other","Chad Flowers",391676,0,40.2364486,-83.3671432,"City of MarysvilleOHUS","blue","building",0.2,57,42,"not_special_icon"
"109","Tacoma","WA","US","The City of Tacoma has a ""Reduced Parking area"" that encompasses most of the downtown core area, and effectively requires zero parking. Also all of the mixed use centers (which makes up the majority of all the new development in town) has low/no required parking. There are still parking requirements, but they have been greatly reduced and there is support at the policy level to expand the reduced parking area.","Implemented","Eliminate Parking Minimums","City Center/Business District","All Uses","Larry Harala",869739,1,47.2495798,-122.4398746,"TacomaWAUS","blue","city",0.7,10,46,"not_special_icon"
"110","Penticton","BC","CA","The City of Penticton eliminated parking requirements for downtown commercial development in 2012 and has seen close to $100M in new development activity taking place. All of this, including removal of lanes of traffic downtown and turning them into wider sidewalks is creating a vibrant, walkable and sustainable downtown community.","Implemented","Eliminate Parking Minimums, Reduce Parking Minimums","City Center/Business District, Citywide","Commercial, All Uses","Anthony Haddad",314998,0,49.494891,-119.594421,"PentictonBCCA","darkblue","city",0.2,70,46,"not_special_icon"
"111","San Francisco","CA","US","San Francisco has eliminated minimum parking requirements Downtown and in many neighborhoods since 2005. Current law also exempts affordable housing projects, accessory dwelling units, and allows the substitution of a bicycle parking spot for a required car parking spot. Legislation to remove the remaining parking requirements citywide was introduced in October 2018.","Implemented","Parking Maximums, Eliminate Parking Minimums","Citywide","All Uses","Tom Radulovich",201219,0,37.7790262,-122.419906,"San FranciscoCAUS","darkblue","city",0.2,92,58,"not_special_icon"
"112","Ketchum","ID","US","In the community core and tourist zone, residential units under 750 square feet are exempt from providing any parking. Community housing, restaurants and food service, the first 5,500 sf of retail use, the first 5,500 sf of assembly use (theaters, conference centers etc.), are exempt from providing any parking in the community core and tourist zone.","Implemented","Eliminate Parking Minimums","City Center/Business District, Main Street/Special","Low Density (SF) Residential, Commercial","Michael David",637047,0,43.680741,-114.363662,"KetchumIDUS","blue","laptop",0.4,17,82,"not_special_icon"
"113","Alexandria","MN","US","Alexandria, Minnesota - City population 13,673, serving a micropolitan area of approximately 25,000 persons. No parking requirements in the downtown/CBD area (roughly 12 square blocks).","Unverified","","","","Michael Weber",48989,0,45.8860567,-95.3793539,"AlexandriaMNUS","red","car",0.2,19,36,"not_special_icon"
"114","Stevens Point","WI","US","As noted on the map currently, the downtown has parking minimums removed. However, the land use chapter of the newly proposed zoning code would remove parking minimums from the entire City. This zoning code is planned for finalization and approval in 2019. Parking maximums exist citywide.","Implemented","Parking Maximums","Transit Oriented, Citywide, City Center/Business District","All Uses","Trevor Roark",780472,0,44.5229223,-89.574111,"Stevens PointWIUS","darkblue","city",0.7,78,88,"not_special_icon"
"115","Uvalde","TX","US","August 14, 2018 the city eliminated parking requirements in the downtown business district.","Implemented","Eliminate Parking Minimums, Reduce Parking Minimums","City Center/Business District, Citywide","All Uses","Susan Anderson",1036698,0,29.2096836,-99.7861679,"UvaldeTXUS","darkblue","city",1,44,89,"not_special_icon"
"116","San Antonio","TX","US","you should remove the green pin for SA. The only zoning (IDZ) that allowed no parking requirements with new development just changed. Developers are now required to build at least 50% of parking requirements with IDZ. SA is going in the opposite direction, sadly.","Repealed","","","","dawn hanson",563442,0,29.4246002,-98.4951405,"San AntonioTXUS","red","car",0.4,21,21,"not_special_icon"
"117","Charlotte","NC","US","No vehicle parking is required for any use in any TOD District, except for bars, restaurants, micro-breweries, microdistilleries, micro-wineries, and live performance venues within 200 feet of a single-family residential zoning district.","Implemented","Eliminate Parking Minimums","Transit Oriented","All Uses","Alan Goodwin",519202,0,35.2272086,-80.8430827,"CharlotteNCUS","lightblue","city",0.4,45,74,"not_special_icon"
"118","Clearwater","FL","US","The City of Clearwater has eliminated parking minimums for the majority of uses in its Downtown this year. We did keep for residential, but reduced the requirement for attached dwellings (down to 1 space/unit instead of 2, also allowing tandem parking for those that provide more than the min which wasn't previously allowed). We still require 2/unit for detached (single-fam) residential units. Also, we maintained a requirement for two other uses - overnight accommodations but it is 0.75 spaces/room and for educational facilities (secondary education) because we don't have a robust transit system yet, and we have one currently in downtown that struggles to provide the parking it needs for its students. This was a big step for us.","Implemented","Eliminate Parking Minimums","City Center/Business District","Commercial, Industrial, Medical, Other","Lauren Matzke",85948,0,27.9658533,-82.8001026,"ClearwaterFLUS","blue","building",0.2,53,94,"not_special_icon"
"119","Vinton","VA","US","No parking minimums downtown","Implemented","Eliminate Parking Minimums","City Center/Business District","All Uses","Rachel Ruhlen",363441,0,42.1662438,-92.021343,"VintonVAUS","blue","city",0.2,45,92,"not_special_icon"
"120","Fruita","CO","US","The city has taken steps to reduce parking minimums, particularly in the downtown mixed-use zone. ADUs in that zone require no parking. Elsewhere, however, parking requirements remain fairly high.","Implemented","Reduce Parking Minimums","City Center/Business District","Commercial, Low Density (SF) Residential","Tony Jordan",193614,0,39.1588697,-108.7289883,"FruitaCOUS","blue","laptop",0.2,92,20,"not_special_icon"
"121","Atlanta","GA","US","The city has proposed parking requirement reductions with a focus on transit oriented development.","Proposed","Reduce Parking Minimums","Citywide","All Uses","Maggie Kochman",264442,0,33.7489924,-84.3902644,"AtlantaGAUS","darkblue","city",0.2,97,39,"not_special_icon"
"122","Indianapolis","IN","US","","Unverified","","","","",520866,0,39.7683331,-86.1583502,"IndianapolisINUS","red","car",0.4,74,29,"not_special_icon"
"123","San Diego","CA","US","Residential developments within 1/2 mile of a current or planned major transit stop are exempt from minimum parking requirements. Any provided parking in market-rate developments with more than 4 units must be rented or leased separately (unbundled) from the dwelling unit.","Implemented","Eliminate Parking Minimums","Transit Oriented","Residential","Tony Jordan",910930,0,32.7174202,-117.1627728,"San DiegoCAUS","lightblue","home",0.7,13,35,"not_special_icon"
"124","New York CIty","NY","US","NYC consists of 5 boroughs with over 8 million people. NYC has no parking minimums in most of Manhattan, and reduced requirements (with no requirement for certain types of housing) in several other dense neighborhoods around the city. -Laura Smith","Implemented","Reduce Parking Minimums, Eliminate Parking Minimums","Citywide","All Uses","Laura Smith",252005,0,40.7127281,-74.0060152,"New York CItyNYUS","darkblue","city",0.2,26,31,"not_special_icon"
"125","Belfast","","GB","There are no parking requirements for the downtown area. The city is also permitted to consider alternative parking plans to reduce off-street parking requirements. These include joint-use parking plans, and reduced or eliminated off-street requirements due to proximity to existing public parking and/or on-street parking. -Ken Whitney","Unverified","","","","Ken Whitney",837638,0,54.596391,-5.9301829,"BelfastGB","red","car",0.7,98,33,"not_special_icon"
"126","Greenville","SC","US","In 2009-2010, the City of Greenville, SC worked with Upstate Forever, a local non-profit organization that works to promote sensible growth and protect special places in Upstate SC, to conduct a study of some of the Cityâ€™s off-street parking requirements for commercial properties. The study ultimately showed that there was an excess of available parking (up to 65%) during times of peak use, and as a result, the City revised 10 of its requirements to reflect the actual parking demand. Additionally, the City worked with Upstate Forever to create a fee-in-lieu program that requires developers who install more than the minimum requirement of parking spaces to either pay a fee for each additional space (to be used for stormwater management) or install LID to treat the stormwater runoff created as a result. -Erika Hollis","Unverified","","","","Erika Hollis",1068464,0,34.851354,-82.3984882,"GreenvilleSCUS","red","car",1,59,96,"not_special_icon"
"127","Indianapolis","IN","US","","Unverified","","","","",568352,0,39.7683331,-86.1583502,"IndianapolisINUS","red","car",0.4,48,89,"not_special_icon"
"128","Petaluma","CA","US","","Unverified","","","","",860709,0,38.270022,-122.606122413043,"PetalumaCAUS","red","car",0.7,46,87,"not_special_icon"
"129","Temecula","CA","US","","Unverified","","","","",129555,0,33.4946353,-117.1473661,"TemeculaCAUS","red","car",0.2,43,82,"not_special_icon"
"130","New Orleans","LA","US","Historic Districts and the Central Business District are exempt from parking minimums. Parking maximums are 150% of the minimums.","Implemented","Parking Maximums","City Center/Business District","Residential","Maggie Kochman",112491,0,29.9499323,-90.0701156,"New OrleansLAUS","blue","home",0.2,70,93,"not_special_icon"
"131","Norwood","MA","US","","Unverified","","","","",374951,0,40.7055931,-89.6987129,"NorwoodMAUS","red","car",0.2,64,54,"not_special_icon"
"132","Joplin","MO","US","Parking requirement reductions were proposed during planning review.","Proposed","Reduce Parking Minimums","","","Sam Anselm",645022,0,37.08418,-94.51323,"JoplinMOUS","red","car",0.4,52,4,"highlighed_icon"
"133","Cleveland","OH","US","No parking minimums in CBD since 1971, still lots of parking lots downtown","Implemented","Eliminate Parking Minimums","City Center/Business District","All Uses","",179897,0,41.5051613,-81.6934446,"ClevelandOHUS","blue","city",0.2,19,92,"not_special_icon"
"134","Santa Rosa","CA","US","In Fall 2020, the Santa Rosa City Council adopted a new Downtown Station Area Specific Plan that revised Downtown parking policy to eliminate minimum parking requirements within the Downtown Station Area boundary. This policy was codified and went into effect on January 1, 2021.","Implemented","Eliminate Parking Minimums","City Center/Business District","All Uses","Angel York",788253,0,38.4404925,-122.7141049,"Santa RosaCAUS","blue","city",0.7,8,87,"new_icon"
"135","Hartford","CT","US","New form based zoning code with parking maximums city wide. ","Implemented","Parking Maximums","Citywide","All Uses","",460365,1,41.7655582,-72.6906127614661,"HartfordCTUS","darkblue","city",0.2,68,24,"not_special_icon"
"136","Stonington","CT","US","1. Created a special parking overlay district in Pawcatuck, which eliminates the need for off-street parking for existing commercial buildings/uses. This enables change of use. 
2. Parking maximums for certain uses townwide
3. Bicycle parking required for certain uses townwide
4. Commission may allow shared / reduced parking when appropriate","Implemented","Eliminate Parking Minimums","City Center/Business District","Commercial","",45261,0,41.3359327,-71.9059042,"StoningtonCTUS","blue","building",0.2,96,13,"not_special_icon"
"137","Decatur","GA","US","No additional parking shall be required for a change in use, as allowed within the zoning district, for an existing building or the use of previously unused space within an existing building within the DDPD. ","Unverified","Reduce Parking Minimums","City Center/Business District","All Uses","",886956,1,34.6240205,-87.0579187281271,"DecaturGAUS","blue","city",0.7,49,3,"highlighed_icon"
"138","Conway","AK","USA","","Unverified","Reduce Parking Minimums","Citywide","All Uses","",546426,0,35.0886963,-92.4421011,"ConwayAKUSA","darkblue","city",0.4,92,70,"not_special_icon"
